2025-06-01,,,"Sunny;Overcast"
2025-06-02,,,"Sunny;Overcast"
2025-06-03,,,"Sunny;Overcast"
2025-06-04,,,"Sunny;Overcast"
2025-06-05,,,"Sunny;Overcast"
2025-06-06,,,"Sunny"
2025-06-07,,,"Sunny"
2025-06-08,,,"Sunny"
2025-06-09,,,"Sunny"
2025-06-10,,,"Sunny"
2025-06-11,,,"Sunny"
2025-06-12,,,"Sunny;Overcast"
2025-06-13,,,"Sunny;Overcast"
2025-06-14,,,"Sunny;Overcast"
2025-06-15,,,"Sunny;Overcast"
2025-06-16,,,"Sunny;Overcast"
2025-06-17,,,"Sunny;Overcast"
2025-06-18,,,"Sunny;Overcast"
2025-06-19,,,"Sunny;Overcast"
2025-06-20,,,"Sunny;Overcast"
2025-06-21,,,"Sunny;Overcast"
2025-06-22,,,"Sunny;Overcast"
2025-06-23,,,"Sunny;Overcast"
2025-06-24,,,"Sunny;Overcast"
2025-06-25,,,"Sunny;Overcast"
2025-06-26,,,"Sunny;Overcast"
2025-06-27,,,"Sunny;Overcast"
2025-06-28,,,"Sunny;Overcast"
2025-06-29,,,"Sunny;Overcast"
2025-06-30,,,"Sunny;Overcast"
2025-06-31,,,"Sunny;Overcast"
