2026-10-01,,,"Sunny;Overcast"
2026-10-02,,,"Sunny;Overcast"
2026-10-03,,,"Sunny;Overcast"
2026-10-04,,,"Sunny;Overcast"
2026-10-05,,,"Sunny;Overcast"
2026-10-06,,,"Sunny;Overcast"
2026-10-07,,,"Sunny;Overcast"
2026-10-08,,,"Sunny;"
2026-10-09,,,"Sunny;"
2026-10-10,,,"Sunny"
2026-10-11,,,"Sunny"
2026-10-12,,,"Sunny;Overcast"
2026-10-13,,,"Sunny;Overcast"
2026-10-14,,,"Sunny;Overcast"
2026-10-15,,,"Sunny;Overcast"
2026-10-16,,,"Sunny;Overcast"
2026-10-17,,,"Sunny;Overcast"
2026-10-18,,,"Sunny;Overcast"
2026-10-19,,,"Sunny;Overcast"
2026-10-20,,,"Sunny;Overcast"
2026-10-21,,,"Sunny;Overcast"
2026-10-22,,,"Sunny;Overcast"
2026-10-23,,,"Sunny;Overcast"
2026-10-24,,,"Sunny;Overcast"
2026-10-25,,,"Sunny;Overcast"
2026-10-26,,,"Sunny;Overcast"
2026-10-27,,,"Sunny;Overcast"
2026-10-28,,,"Sunny;Overcast"
2026-10-29,,,"Sunny;Overcast"
2026-10-30,,,"Sunny;Overcast"
2026-10-31,,,"Sunny;Overcast"
